datetime,price,rsi,macd,macd_signal,adx,bb_upper,bb_lower,sma14,sma28,volume,atr
2024-11-15 18:00:00,228.63999938964844,17.615836700111302,-1.8394250503725402,-1.3086955046292674,41.98094073222304,239.14246585792174,230.17126737920856,231.7432141985212,233.70589338030135,161396.0,0.8790857609984185
2024-11-15 18:30:00,228.25999450683594,16.587135902039392,-1.8962257205514277,-1.4262015478136996,44.05773653073908,239.31403493514858,229.73934085394882,231.2353570120675,233.40375028337752,181656.0,0.8643013410582413
2024-11-15 19:00:00,227.99000549316406,15.877697140310062,-1.9406558453371758,-1.529092407318395,46.0111844842609,239.48527105286638,229.31169059525723,230.754643031529,233.09482192993164,205080.0,0.8468508964960456
2024-11-15 19:30:00,228.41000366210938,21.502234344237863,-1.9198459085972104,-1.6072431075741582,47.37283255942712,239.60595234536075,228.9558310365101,230.27178628104073,232.79125050136022,307918.0,0.8456473918216629
2024-11-15 20:00:00,228.60000610351562,23.978562446824824,-1.8665063513400355,-1.6590957563273339,48.362348486873266,239.69807306629212,228.6379963132419,229.79750061035156,232.52267946515764,330802.0,0.8252438323053835
2024-11-15 20:30:00,228.80999755859375,26.729661416960127,-1.786693917171192,-1.6846153884961055,48.97624658537815,239.75982516409724,228.3533868763952,229.39392852783203,232.27160808018274,865050.0,0.8212981494593516
2024-11-18 14:30:00,228.05999755859375,23.463700608389104,-1.7636306833674382,-1.7004184474703723,49.87189034945834,239.84745749855168,228.01932237379768,228.93107169015067,232.00017929077148,502746.0,0.8404908772044426
2024-11-18 15:00:00,229.52999877929688,39.15570698172613,-1.6081977881845546,-1.6819743156132088,49.18076684396271,239.8478739601399,227.8149771009999,228.82999965122767,231.7923218863351,228323.0,0.8925981049348173
2024-11-18 15:30:00,229.94000244140625,42.68535459845235,-1.4353859936913977,-1.6326566512288467,47.63782972122096,239.81435151987313,227.64635655333416,228.84928567068917,231.6130360194615,190123.0,0.8674763513457232
2024-11-18 16:00:00,230.2100067138672,44.95018130414962,-1.2620956601037108,-1.5585444530038197,45.59002699489436,239.7569630063416,227.50267400886486,228.88785770961218,231.4312504359654,178966.0,0.8465849654097564
2024-11-18 16:30:00,229.5946044921875,40.97579679242116,-1.161035938821641,-1.479042750167384,44.125188786439665,239.698334062738,227.33111049554185,228.87318638392858,231.2299864632743,152928.0,0.8582570755116264
2024-11-18 17:00:00,229.43499755859375,39.98827102075969,-1.0813590927611756,-1.3995060186861423,42.88640336309889,239.6230569656774,227.1619232632916,228.92354365757532,231.01373617989677,124304.0,0.8248100979499701
2024-11-18 17:30:00,229.83999633789062,43.6963119394994,-0.9743034378951165,-1.3144655025279373,41.450381767166114,239.54966774664322,227.02066927641064,229.0006866455078,230.81909343174524,109205.0,0.8101804564669366
2024-11-18 18:00:00,229.66000366210938,42.441201754202964,-0.8936831418327813,-1.2303090303889062,40.00659930607171,239.4686677604944,226.87774108349973,229.0699724469866,230.6355220249721,119862.0,0.772310336669075
2024-11-18 18:30:00,229.94000244140625,45.08375584703616,-0.7979985839843948,-1.143846941108004,39.153293801976446,239.38452331015114,226.75543902243814,229.16282980782645,230.45302200317383,115431.0,0.7714317244516411
2024-11-18 19:00:00,229.27999877929688,40.37797601013123,-0.766587913884166,-1.0683951356632364,38.40618391021792,239.30966272649832,226.60244228884764,229.23568725585938,230.23552213396346,105397.0,0.7720436569405864
2024-11-18 19:30:00,229.64999389648438,43.912354499530764,-0.7037270899116379,-0.9954615265129168,37.71243901072786,239.27000740658806,226.47031525140582,229.35425785609655,230.05445044381278,194278.0,0.7583263836630222
2024-11-18 20:00:00,229.7899932861328,45.235240314505155,-0.6352894321844644,-0.9234271076472264,36.90684871475627,239.19400114999215,226.3538215298,229.45282854352678,229.86230741228377,198539.0,0.7227312496039447
2024-11-18 20:30:00,229.4600067138672,42.67998545821511,-0.6007541342349896,-0.8588925129647791,36.82778247818438,239.09086567770493,226.23320702388548,229.51425715855189,229.65587888445174,621925.0,0.7246790174893774
2024-11-19 14:30:00,228.74000549316406,37.67876877222577,-0.6242863584704139,-0.8119712820659061,37.70497767841299,238.97952457165783,226.08526261183127,229.50925772530692,229.45159312656946,464586.0,0.7764885310280825
2024-11-19 15:00:00,229.25999450683594,42.88416241394524,-0.5941283067554366,-0.7684026870038122,38.315536282942666,238.83620616309133,225.98108073702025,229.5949717930385,229.2630217415946,235330.0,0.7903108660048712
2024-11-19 15:30:00,229.80499267578125,47.80492733073667,-0.5202538731967365,-0.7187729242423971,37.704723277221866,238.68468552919583,225.90956528605946,229.61461421421595,229.2223069327218,185545.0,0.7906456733577599
2024-11-19 16:00:00,230.02999877929688,49.73051989642176,-0.4384970195788469,-0.6627177433096871,36.64779917838999,238.51962625142454,225.85748164129308,229.6210425240653,229.23516409737724,111059.0,0.7663147114772949
2024-11-19 16:30:00,229.9154052734375,48.744221285481125,-0.37858674989462315,-0.6058915446266744,35.23780992561394,238.38394777415863,225.79371030689606,229.5999995640346,229.24392863682337,129623.0,0.7401500288913051
2024-11-19 17:00:00,230.22000122070312,51.49778897176503,-0.30303587329581205,-0.5453204103605019,34.15039576186912,238.25290479556142,225.74403908697204,229.64467075892858,229.25892857142858,95605.0,0.7244177026088904
2024-11-19 17:30:00,230.23129272460938,51.60158873859116,-0.23948944404446593,-0.4841542170972947,32.808712789322556,238.1005877155956,225.70640222668257,229.70154898507255,229.31254632132394,75472.0,0.6955301570960902
2024-11-19 18:00:00,230.58999633789062,54.9033648800159,-0.15835859791289408,-0.4189950932604146,31.122781235182313,237.91558035802026,225.69928780604224,229.75512041364397,229.3779035295759,100806.0,0.6851342739441374
2024-11-19 18:30:00,231.38999938964844,61.25232681242349,-0.029171981026706817,-0.3410304708136731,29.5828948292902,237.72769485201957,225.72217348642909,229.87869153703963,229.4743319920131,168756.0,0.7019102664442213
2024-11-19 19:00:00,231.1199951171875,58.270574525824316,0.050836246719427436,-0.26265712730705304,28.210126102983235,237.51678122682512,225.7520154214729,229.96297672816686,229.56290326799666,189761.0,0.6803459013605939
2024-11-19 19:30:00,231.00999450683594,57.05206348497488,0.10416644772649875,-0.1892924123003427,26.218912007388877,237.25443598111792,225.81043185597053,230.0865478515625,229.66111755371094,239447.0,0.6703218044721141
2024-11-19 20:00:00,231.1699981689453,58.41427320801378,0.15752611161565255,-0.11992870751714363,24.36992749005126,236.9889566891792,225.88055396145558,230.1951195853097,229.77468872070312,208066.0,0.6438704649925212
2024-11-19 20:30:00,231.33999633789062,59.870614576624384,0.21109805421826877,-0.05372335517006115,23.15148309409013,236.68962664494003,225.98095517268692,230.3058340890067,229.87933131626673,943658.0,0.6307362499986359
2024-11-20 14:30:00,229.47000122070312,42.31562539161703,0.10149129842795901,-0.02268042445045712,23.15440805046255,236.4343743233369,225.99870771227273,230.30654798235213,229.91040257045202,700336.0,0.7385407599736217
2024-11-20 15:00:00,228.60321044921875,36.91278483902955,-0.05468523900117361,-0.02908138736060042,24.340848249959176,236.19807823750827,225.97654715922025,230.2967769077846,229.90301731654577,353991.0,0.8222166815547469
2024-11-20 15:30:00,229.7301025390625,46.48008756982111,-0.08652805473158764,-0.04057072083479787,25.44254272092033,235.95264978661976,226.01019342714278,230.33035605294364,229.96266392299108,324855.0,0.8570581727718185
2024-11-20 16:00:00,228.88999938964844,41.435188893291,-0.17750683048805627,-0.06795794276544954,26.27570709465553,235.72498722818324,226.00714146008409,230.26499938964844,229.9398068019322,230136.0,0.8765543663461529
2024-11-20 16:30:00,230.25999450683594,50.81128549567855,-0.13747626846478056,-0.08186160790531574,26.246018360739647,235.5160582145648,226.04821289487995,230.28142765590124,229.95123508998327,160740.0,0.9432288800781242
2024-11-20 17:00:00,229.60000610351562,46.91460034856733,-0.1571952589568184,-0.09692833811561627,26.218450250674902,235.26406686652533,226.09663292333934,230.25889914376395,229.9294493538993,148164.0,0.9694266428292404
2024-11-20 17:30:00,229.33999633789062,45.43625565496602,-0.19159473128442528,-0.11586161674937809,26.192851291329067,235.00416853352482,226.146174135281,230.19604165213448,229.92035620553153,186250.0,0.9466100180903214
2024-11-20 18:00:00,229.42999267578125,46.06971718388949,-0.20918327403086323,-0.13452594820567512,26.497737730924985,234.70221937419316,226.23169426542037,230.13880593436105,229.9201774597168,328033.0,0.927565922211102
2024-11-20 18:30:00,229.1300048828125,44.226558796880944,-0.24451026651598795,-0.1565228118677377,26.956459027021523,234.40111018689194,226.31280386688874,230.03452083042689,229.89482062203544,96059.0,0.9105960122401081
2024-11-20 19:00:00,228.85000610351562,42.516761879076924,-0.29173775280565906,-0.18356580005532197,27.435481303362053,234.1317093745786,226.36970478819345,229.85309273856026,229.86589213779993,109608.0,0.8805527423926004
2024-11-20 19:30:00,229.47999572753906,47.440288555129655,-0.2751591153292168,-0.20188446311010094,27.01087840983696,233.81454757251274,226.4879377572515,229.73594992501395,229.8494633265904,158133.0,0.8762280696658968
2024-11-20 20:00:00,229.9149932861328,50.58739155797275,-0.2243337779845831,-0.2063743260849974,25.995819725582724,233.4362053518642,226.6714584839338,229.65773555210657,229.87214170183455,664355.0,0.8607823792126409
2024-11-20 20:30:00,231.17999267578125,58.390061537222735,-0.08104521447498314,-0.18130850376299457,25.122731815350512,233.1465373488255,226.83469761036812,229.65844944545202,229.92678451538086,793920.0,0.89465554597368
2024-11-21 14:30:00,231.72999572753906,61.254786810265465,0.07601638459127003,-0.12984352609214164,26.52599716593913,232.80054694136555,227.05783078777785,229.6863065447126,229.99607031685966,1395975.0,1.0528944791435288
2024-11-21 15:00:00,230.03500366210938,49.86172488815563,0.06299101813209518,-0.09127661724729427,26.502532172907628,232.32548207322517,227.34700273338055,229.72666386195593,230.016605922154,386760.0,1.141973662901692
2024-11-21 15:30:00,232.58999633789062,61.48928678896949,0.2558851921294547,-0.021844255371944482,26.70079397239238,232.0846080321729,227.52109068957654,230.01143428257532,230.15410559517997,307114.0,1.2603836251776874
2024-11-21 16:00:00,233.53469848632812,64.74488865490864,0.47945789081038015,0.07841617386452045,27.439374882114986,231.9289598249624,227.64083551107976,230.28319113595145,230.30677359444755,728536.0,1.2582130610606428
2024-11-21 16:30:00,232.89500427246094,60.98532638691923,0.5981280406272731,0.18235854721707098,28.209422162934967,232.09720265601788,227.54223542817573,230.5692629132952,230.4171311514718,175630.0,1.243697319254972
2024-11-21 17:00:00,233.5500030517578,63.33311281507636,0.7365375701356811,0.293194351800793,28.760229539765124,232.370951311403,227.40705837574822,230.80426352364677,230.542845589774,188011.0,1.2441475107367597
2024-11-21 17:30:00,233.67010498046875,63.763707378587675,0.8461652748028428,0.403788536401203,29.488023807092834,232.6357702886258,227.28510035607985,231.09498487200057,230.67694200788225,182192.0,1.2017079668615895
2024-11-21 18:00:00,234.08999633789062,65.29804210939442,0.9559086243529009,0.5142125539915426,30.21862324437195,232.92671277386344,227.14737191677548,231.43427058628626,230.81515611921037,130215.0,1.1658714655316322
2024-11-21 18:30:00,234.41000366210938,66.46351341631737,1.0565239853414425,0.6226748402615226,31.053024214880853,233.22925270391423,227.0476894129594,231.78998565673828,230.96439579554968,220470.0,1.124023634497565
2024-11-21 19:00:00,234.16990661621094,64.70755518784624,1.1041604840460764,0.7189719690184334,31.389007457963054,233.4817307767207,226.98842248691628,232.1499786376953,231.0922497340611,127732.0,1.110879263562471
2024-11-21 19:30:00,234.3000030517578,65.24339077139582,1.1392775649660507,0.8030330882079569,31.70099189796795,233.72794751367522,226.94256291461718,232.53926413399833,231.1961784362793,196638.0,1.0701027836595713
2024-11-21 20:00:00,234.4199981689453,65.7597706737083,1.1633799874001625,0.8751024680463981,32.10684950187049,233.96752954036606,226.90940941575838,232.89212145124162,231.3140356881278,206836.0,1.0172384299020796
2024-11-21 20:30:00,233.47000122070312,58.366465336524406,1.0932225277676935,0.9187264799906572,31.197464768580495,234.1004129393581,226.9625976851187,233.14605058942522,231.4018930707659,762581.0,1.0217215299844087
2024-11-22 14:30:00,233.9499969482422,60.76659236714198,1.0640877381981113,0.947798731632148,29.88694032835771,234.25250715365766,227.02336030850054,233.34390803745814,231.50117874145508,446130.0,1.0258767792377546
2024-11-22 15:00:00,232.5,51.16993090483374,0.9134657078984105,0.9409321268854005,27.81497056577203,234.3077623685884,227.1141763913516,233.39890834263392,231.54260744367326,245969.0,1.0768859730896336
2024-11-22 15:30:00,233.30999755859375,55.406623503118304,0.8496623189429044,0.9226781652969014,25.890998643371038,234.41071221192183,227.17944052855668,233.6328364780971,231.6797501700265,224323.0,1.080679091013477
2024-11-22 16:00:00,232.61000061035156,51.26687832366876,0.734150934927726,0.8849727192230663,24.33402059461594,234.46962447385891,227.25624266132525,233.63426535470145,231.8228498186384,396138.0,1.0834808391163089
2024-11-22 16:30:00,233.0800018310547,53.7647638250451,0.6727771452861475,0.8425336044356826,22.888255263629066,234.52553049709147,227.3796225049663,233.60178702218192,231.9424890790667,139121.0,1.0682329488920412
2024-11-22 17:00:00,233.32000732421875,55.032287189352,0.6361710286936102,0.8012610892872681,21.262656719890316,234.62628689829032,227.41422355180035,233.63214438302177,232.1007036481585,167074.0,1.0283598643729668
2024-11-22 17:30:00,233.47000122070312,55.84695515662893,0.6122065355991424,0.763450178549643,19.975504102874915,234.7347123183307,227.43186951673488,233.62642996651786,232.21534674508231,123520.0,1.0049053703636255
2024-11-22 18:00:00,233.3699951171875,55.12981510182906,0.5784765280725992,0.7264554484542343,18.92452728934565,234.83284391002664,227.44659465372897,233.60499354771204,232.34998920985632,134625.0,0.9609769751172281
2024-11-22 18:30:00,233.32000732421875,54.751353797518725,0.5414699286845348,0.6894583445002944,17.750978811120895,234.91979881846785,227.49268984643172,233.54999433244978,232.49213245936804,102226.0,0.9273361549777164
2024-11-22 19:00:00,232.98500061035156,52.166699077628884,0.479581374454483,0.6474829504911321,17.091088720170276,234.98128330385336,227.55799118432324,233.44820840018136,232.61909702845983,119709.0,0.908240976915692
2024-11-22 19:30:00,233.2678985595703,54.13568910646228,0.44819523390475524,0.6076254071738567,16.408641702422727,235.05919464044695,227.60250492707536,233.38377925327845,232.7668789454869,148088.0,0.8719387039412453
2024-11-22 20:00:00,233.02999877929688,52.19010391761315,0.3995195546043533,0.566004236659956,16.108827208898035,235.11834398667338,227.66371254931994,233.2930646623884,232.91616439819336,373164.0,0.8480789988048171
2024-11-22 20:30:00,233.5399932861328,55.852994716735026,0.39751373171367277,0.5323061356706994,15.015311849040176,235.20442325437787,227.7062043832128,233.23020717075892,233.06116431100028,631943.0,0.8475016658823747
2024-11-25 14:30:00,234.1199951171875,59.64007946329027,0.43768009937107877,0.5133809284107753,16.26163846698922,235.30938386722764,227.77410078243057,233.2766353062221,233.21134294782365,579039.0,0.9462523316284998
2024-11-25 15:00:00,234.10000610351562,59.450797972716536,0.4625671031473644,0.5032181633580932,16.625368580456637,235.4135308664598,227.82888279059236,233.28735024588448,233.3156291416713,401473.0,0.9450920175529149
2024-11-25 15:30:00,233.8699951171875,57.20113989179648,0.4584455932006506,0.4942636493266047,17.103137378075616,235.4996102464603,227.888517761701,233.38520703996932,233.39205769130163,1144388.0,0.9497279096445594
2024-11-25 16:00:00,234.22999572753906,59.76726443604936,0.4787100361684793,0.4911529266949797,17.546779833007527,235.59447677257813,227.96400798607144,233.45092119489397,233.54187883649553,362520.0,0.9276044439305507
2024-11-25 16:30:00,233.7899932861328,55.39550191565145,0.4540314416160527,0.4837286296791943,18.10264176103314,235.63140109491192,228.10744037062935,233.5352063860212,233.58473587036133,160860.0,0.920632828725132
2024-11-25 17:00:00,233.02999877929688,48.7610334262912,0.36889587050552564,0.46076207784446055,17.49548296095746,235.64406107286055,228.2294234024115,233.53163473946708,233.5667108808245,160204.0,0.9191586192793636
2024-11-25 17:30:00,233.24000549316406,50.524351028950626,0.3147429430151192,0.4315582508785923,16.339429746923223,235.6758374551477,228.32032604931658,233.52592032296317,233.57903235299247,137646.0,0.9110049989430029
2024-11-25 18:00:00,233.37510681152344,51.67647672625962,0.2795059347021436,0.40114778764330256,15.633091278679037,235.7143701023769,228.4012615460955,233.5191421508789,233.57278605869837,185690.0,0.874147804194284
2024-11-25 18:30:00,233.19000244140625,49.95986762320204,0.23394717861052072,0.3677076658367462,14.762837480720503,235.73850290666584,228.49407864066254,233.50628553118025,233.55563953944616,141361.0,0.8467090676921254
2024-11-25 19:00:00,233.17999267578125,49.863406485513686,0.1947884319520199,0.33312381905980093,13.804303423809166,235.76542542024666,228.57287010762028,233.49628448486328,233.52313940865653,155819.0,0.8208727493106567
2024-11-25 19:30:00,233.27999877929688,50.88374349739823,0.16986638591080805,0.3004723324300023,13.06634125229616,235.79307984765944,228.65409803930345,233.5173557826451,233.4827820914132,154026.0,0.8047390686958331
2024-11-25 20:00:00,233.1199951171875,49.159938066974,0.13564094219557887,0.26750605438311764,12.349696815730686,235.81839858019606,228.71913640602742,233.5067912510463,233.4452852521624,227214.0,0.7711867576366441
2024-11-25 20:30:00,233.55999755859375,53.79550896107182,0.14238027999874703,0.24248089950624352,12.271312604611794,235.86529853359357,228.74973638723512,233.54464830671037,233.4188564845494,1357384.0,0.7682445412011025
2024-11-26 14:30:00,234.66000366210938,62.90235828344275,0.23378759531016158,0.24074223866702715,14.028051666033633,235.96745152188362,228.7740122755494,233.62464904785156,233.42742810930525,593110.0,0.8512276407274747
2024-11-26 15:00:00,234.33999633789062,59.24406660833697,0.27721111739359117,0.24803601441233997,14.853835880115088,236.0450254816171,228.81536695263932,233.64036342075892,233.45849936349052,445008.0,0.8604264511275211
2024-11-26 15:30:00,234.32000732421875,59.01319175367152,0.3064787291330333,0.25972455735647865,15.647703602049837,236.1190759568096,228.85381680442086,233.6560777936663,233.4717140197754,242484.0,0.8568243873751089
2024-11-26 16:00:00,234.41250610351562,59.79401335111992,0.3332953790821307,0.2744387217016091,16.38486648670353,236.19576928146364,228.8868559713963,233.694828578404,233.54001780918665,147953.0,0.8316933328499896
2024-11-26 16:30:00,234.4783935546875,60.373107429852276,0.35576331598383604,0.2907036405580545,16.77797259272708,236.22481224372314,229.03668416392196,233.71257128034318,233.58174623761857,163440.0,0.8080009519321332
2024-11-26 17:00:00,234.1699981689453,56.28659148544505,0.34471077633492087,0.3015050677134278,17.054590121212147,236.17810484290214,229.28220541187602,233.73971448625838,233.63746043613978,116853.0,0.7887431063142131
2024-11-26 17:30:00,234.5399932861328,59.80208276020464,0.3616383312422329,0.3135317204191888,17.42203429301845,236.19982112450128,229.4322709426723,233.84757123674666,233.68960298810686,75254.0,0.7617611332488006
2024-11-26 18:00:00,234.30999755859375,56.747001739117785,0.35243218851701386,0.32131181403875386,17.68335685790372,236.14870811240706,229.6769553179431,233.9239992414202,233.7249597821917,92523.0,0.7387772796322568
2024-11-26 18:30:00,234.49000549316406,58.532544965942755,0.3555626847120834,0.3281619881734198,17.953664852203868,236.17004462006463,229.80669063122582,234.0036348615374,233.76138850620814,102267.0,0.7138645732048411
2024-11-26 19:00:00,233.94500732421875,51.58874513880867,0.3104877188554269,0.32462713430982126,17.357054179753973,236.12279936364448,230.0091145026711,234.05756378173828,233.78192465645927,161424.0,0.7214461982772632
2024-11-26 19:30:00,234.0299072265625,52.53342469062316,0.27840689486578185,0.3153830864210134,16.80305855533621,236.0464232415633,230.25298744220484,234.11827196393693,233.8072782244001,99837.0,0.6941997796782177
2024-11-26 20:00:00,234.30999755859375,55.610870499963326,0.2724430063194916,0.3067950704007091,16.545623881436388,235.96969612031106,230.50400045212896,234.1918433053153,233.85459954398019,111427.0,0.6688995338362468
2024-11-26 20:30:00,234.75,59.99841347343576,0.29976559031911165,0.3053891743843896,17.175005186198515,235.86445485167715,230.809955832091,234.3082722255162,233.90753173828125,602359.0,0.6696929910315371
2024-11-27 14:30:00,232.4199981689453,38.37007165765152,0.1318869492054091,0.27068872934859356,17.38405122748112,235.63537085873133,231.1665395416593,234.22684369768416,233.88574600219727,460902.0,0.8147147022608693
2024-11-27 15:00:00,231.16000366210938,31.71256130336191,-0.1016572681578225,0.19621952984731036,18.47025353279029,235.49240640545372,231.36950427831442,233.97684369768416,233.80074637276786,198148.0,0.8558064656456956
2024-11-27 15:30:00,230.58999633789062,29.240808241702723,-0.32894568918453615,0.09118648604094107,19.886219933351242,235.4285828228929,231.45743511272372,233.70898655482702,233.67467498779297,247858.0,0.8496777375610701
2024-11-27 16:00:00,230.27999877929688,27.96425330574536,-0.5280011440740964,-0.032651039982066435,21.451302818511152,235.49823772479985,231.35563757165662,233.420414515904,233.53824615478516,152314.0,0.8297001895516857
2024-11-27 16:30:00,230.02999877929688,26.942707621827083,-0.6978821854368391,-0.165697269073021,23.08217653965241,235.61133547924126,231.1818256404923,233.10737827845983,233.40110342843192,268642.0,0.8218645489196457
2024-11-27 17:00:00,230.1199951171875,27.962895887683302,-0.8158475990325087,-0.29572733506491855,24.79008189530858,235.60373446794574,231.19246206089775,232.79606410435267,233.25431769234794,253259.0,0.8095880737456977
2024-11-27 17:30:00,230.3489990234375,30.6179101872263,-0.8807051174589731,-0.41272289154372943,26.075123520437298,235.69813436986522,231.01802654060492,232.52313559395927,233.1314250401088,98399.0,0.7831171657158712
2024-11-27 18:00:00,230.67999267578125,34.382287628864105,-0.8950788349285119,-0.509194080220686,26.460398107288512,235.75159253850381,230.86261459301824,232.24742126464844,233.04749625069755,129843.0,0.7707658663511215
2024-11-27 18:30:00,231.22000122070312,40.092984640150966,-0.8530623611581234,-0.5779677364081734,26.02474631597349,235.78138126650106,230.77300432745818,232.0267072405134,232.9753532409668,100619.0,0.7642755275436753
2024-11-27 19:00:00,231.16000366210938,39.679789671579364,-0.8152080930929912,-0.625415807745137,25.604737384310315,235.79937988506506,230.66964858783533,231.78884996686662,232.89624241420202,111084.0,0.7275415612905557
2024-11-27 19:30:00,231.36000061035156,41.831811392021955,-0.7603058975343799,-0.6523938257029857,24.92817869722632,235.80269946392693,230.5838252814693,231.60420663016183,232.83088520595007,87942.0,0.7062891593819669
2024-11-27 20:00:00,231.27000427246094,41.120872494805646,-0.7158060972272153,-0.6650762800078316,23.950732063276227,235.78975053721874,230.49606020584068,231.40707070486886,232.7626713344029,127692.0,0.6965547425845944
2024-11-27 20:30:00,231.55999755859375,44.39992786054248,-0.6496508793209728,-0.6619911998704598,23.30606733681891,235.74902555712373,230.43499925366729,231.2106421334403,232.7012427193778,664349.0,0.6918000912587975
2024-11-29 14:30:00,233.4499969482422,60.02531633560548,-0.4396472572364871,-0.6175224113436654,22.90243254235446,235.7221139130081,230.43619983821262,231.11778477260046,232.7130284990583,387898.0,0.7773857554294861
2024-11-29 15:00:00,233.64999389648438,61.2658149394757,-0.2541501072280141,-0.5448479505205351,23.05496113702315,235.69461951889943,230.44047961963295,231.20564161028182,232.716242653983,229383.0,0.781857939890996
2024-11-29 15:30:00,233.7899932861328,62.15123710522103,-0.09475324229524063,-0.4548290088754763,23.256230207587908,235.66544098542053,230.4471579787257,231.39349801199776,232.68517085484095,142152.0,0.7624391232442062
2024-11-29 16:00:00,234.0,63.49911658832868,0.04796282270180541,-0.35427064256002,23.53233475158933,235.68466587247917,230.4468616194991,231.63706970214844,232.67302812848772,201394.0,0.7386940383389281
2024-11-29 16:30:00,234.14999389648438,64.47229315237614,0.17119614374152547,-0.2491772852997109,23.788717542447795,235.6935907869656,230.44507945316414,231.9134979248047,232.66695622035436,148391.0,0.71593113758146
2024-11-29 17:00:00,233.8300018310547,60.75101518523578,0.24026908071849107,-0.1512880120960705,24.026787276816368,235.72037236112072,230.46579794440385,232.18492671421595,232.6461524963379,180880.0,0.6905075284936102
2024-11-29 17:30:00,233.94000244140625,61.572133679566065,0.3004229224154642,-0.06094582519376357,24.24785203015862,235.74062136339467,230.46804911651606,232.45778438023157,232.62692424229212,164899.0,0.6624356057691781
2024-12-02 14:30:00,235.35899353027344,70.22559341297566,0.45732424795758675,0.04270818943650649,25.742252034873776,235.85268666451165,230.45416213396769,232.81564113071985,232.66938836233956,577839.0,0.7322615903319823
2024-12-02 15:00:00,235.64999389648438,71.6362017436999,0.598254669000795,0.1538174853493642,27.281969343097494,235.9782398162922,230.42039441309535,233.17064121791296,232.70903124128068,355021.0,0.7171003533411934
2024-12-02 15:30:00,235.51800537109375,70.01593124741807,0.6913235248410672,0.26131869324770485,28.829524835406815,236.08448191010353,230.39265224952953,233.47764151436942,232.7521743774414,399029.0,0.7094503716990769
2024-12-02 16:00:00,236.07000732421875,72.788003237505,0.8003967326593795,0.3691343011300398,30.43218396644792,236.2276866369302,230.3423048835427,233.82835606166296,232.80860301426478,236776.0,0.7082040124901027
2024-12-02 16:30:00,236.4600067138672,74.57638117875672,0.9078426817464162,0.47687597725331515,32.21281398349591,236.40069481361488,230.27965426388235,234.19264221191406,232.89842442103796,234546.0,0.7076177936152517
2024-12-02 17:00:00,236.47000122070312,74.62241016320704,0.9824754779382943,0.577995877390311,33.97163631099203,236.5671972340421,230.22565162547238,234.56407056535994,232.98557063511439,342794.0,0.6849307647604792
2024-12-02 17:30:00,236.3699951171875,73.19443095600468,1.0217744697974922,0.6667515958717473,35.42027706837751,236.72163333141955,230.19210818905336,234.9076418195452,233.05914197649275,257510.0,0.6545781749087263
2024-12-02 18:00:00,236.13999938964844,69.88237100768232,1.0225728872077298,0.7379158541389438,36.03535978316324,236.84879135109503,230.16752519902354,235.09978485107422,233.10878481183732,147620.0,0.6342519035564289
2024-12-02 18:30:00,236.07000732421875,68.86117686479004,1.0059617630110438,0.7915250359133639,36.30586047414727,236.9683949786542,230.1564933052116,235.27264295305525,233.23914228166853,180409.0,0.6164478037906795
2024-12-02 19:00:00,235.72999572753906,63.97069810168153,0.9543599655376056,0.8240920218382123,35.8744007046423,237.05552571028147,230.1475769464917,235.41121455601282,233.4023562840053,143914.0,0.6095371818541802
2024-12-02 19:30:00,236.02999877929688,66.24835600215243,0.9269871771668932,0.8446710529039485,35.47375949010197,237.14668783828478,230.1246292349923,235.55621446881975,233.5966420854841,264409.0,0.5884989861078994
2024-12-02 20:00:00,236.22999572753906,67.713679714287,0.9109314764266401,0.8579231376084869,35.380111576876196,237.24957084237977,230.09781728889814,235.7047860281808,233.80914197649275,272727.0,0.5800348600075583
2024-12-02 20:30:00,235.94000244140625,63.41458458094253,0.8648378706687936,0.8593060842205483,35.24430617102717,237.33633702998893,230.0849799342968,235.85550035749162,234.0202135358538,816288.0,0.5700325443931792
2024-12-03 14:30:00,235.92999267578125,63.26527533852276,0.8180704447326832,0.8510589563229753,32.84234105145222,237.41176632267334,230.0702648183353,235.99764251708984,234.22771344866072,423048.0,0.6336010380135325
2024-12-03 15:00:00,235.52999877929688,57.4447519626073,0.7401982139266181,0.8288868078437039,30.698465616220467,237.47330072690085,230.0708734674351,236.00985717773438,234.41274915422713,301023.0,0.6376297096844409
2024-12-03 15:30:00,235.77999877929688,59.92632539128292,0.6906949195466723,0.8012484301842976,28.542785769529466,237.5545546783105,230.08783380173972,236.0191432407924,234.59489222935267,170057.0,0.633512342725954
2024-12-03 16:00:00,236.01730346679688,62.18076073547955,0.6629694084848552,0.7735926258444091,26.67865724880118,237.64550831257955,230.09606938081473,236.05480739048548,234.76622445242745,221209.0,0.6133272918783412
2024-12-03 16:30:00,235.57000732421875,55.80772366270264,0.5980101914816771,0.7384761389718628,25.08100229112581,237.70880580717665,230.11116119024246,236.0190931047712,234.92372458321708,158831.0,0.6230896281727455
2024-12-03 17:00:00,235.53500366210938,55.329806552703815,0.537508972162982,0.6982827056100868,23.597465544712968,237.76966299306807,230.13405404794756,235.95302145821708,235.07283183506556,96469.0,0.5957264756721253
2024-12-03 17:30:00,235.9600067138672,59.82806375810922,0.5178856509319871,0.6622032946744669,22.03138560430436,237.8500422387215,230.15296101794004,235.91659327915735,235.24033192225866,139302.0,0.588267619569429
2024-12-03 18:00:00,235.77000427246094,57.061616845948485,0.48145253326353554,0.6260531423922807,20.63330925526382,237.91760304406773,230.17432898020684,235.87373679024833,235.39068930489677,79775.0,0.5626767701386884
2024-12-03 18:30:00,236.02000427246094,59.70199682014975,0.4673644492411029,0.5943154037620452,19.453017267130278,237.99594974948351,230.19955403033654,235.86516571044922,235.48247528076172,84388.0,0.5467710249781125
2024-12-03 19:00:00,235.99000549316406,59.23132257921994,0.4486076209691703,0.5651738472034702,18.357031849577705,238.06842357561086,230.21386620187238,235.8594512939453,235.56604712350028,77109.0,0.5226586659115956
2024-12-03 19:30:00,236.34500122070312,62.95339029970267,0.4571185101784181,0.5435627797984598,18.02642018311922,238.13955797984738,230.20291028187137,235.90338025774275,235.6572974068778,127747.0,0.5138968966667942
2024-12-03 20:00:00,236.50999450683594,64.57232071318742,0.47173911560162196,0.5291980469590922,18.016881598584913,238.22623279601217,230.1937354003118,235.93766566685267,235.74694006783622,190946.0,0.4993326582330053
2024-12-03 20:30:00,236.77000427246094,67.01834218110622,0.49855958131806233,0.5230703538308863,18.544656385443222,238.32679853923872,230.18066954809387,235.97623770577567,235.84051186697823,502896.0,0.49795144889772375
2024-12-04 14:30:00,239.3699951171875,81.08313922497487,0.7212978531103431,0.5627158536867777,21.64440386496277,238.6348623301491,230.04965893624322,236.2212371826172,236.0383687700544,776593.0,0.6845263890015694
2024-12-04 15:00:00,240.018798828125,83.02812730235492,0.9393443979442111,0.6380415625382644,24.601128988107863,238.98955894002646,229.89283394327433,236.51329476492745,236.25546864100866,844486.0,0.7063463250131761
2024-12-04 15:30:00,240.27999877929688,83.75239908982181,1.1203102693696962,0.7344953039045509,27.513798124880818,239.35341151255383,229.7471956782595,236.85258047921317,236.43121882847376,302238.0,0.6944639650931501
2024-12-04 16:00:00,240.36000061035156,83.97792788719812,1.2557074911191535,0.8387377413474714,30.24546036903467,239.69779571043625,229.6106688848135,237.17972346714564,236.59943335396903,223259.0,0.6655732023102688
2024-12-04 16:30:00,240.4199981689453,84.1555545431561,1.3522640086611943,0.9414429948102161,32.59896975811889,240.031738234544,229.49494066821828,237.49420166015625,236.77450452532088,188548.0,0.6450817326419014
2024-12-04 17:00:00,240.61000061035156,84.73279822647322,1.427660175751754,1.0386864309985238,34.905105360271364,240.36303404118402,229.3822161157635,237.85420118059432,236.93664714268274,275269.0,0.6240049019900246
2024-12-04 17:30:00,240.4600067138672,82.18722524431037,1.458496290125936,1.1226484028240062,36.70421485310984,240.66865672816996,229.3092719784079,238.20598711286272,237.0795042855399,214952.0,0.60657632919163
2024-12-04 18:00:00,240.25999450683594,78.78813704374224,1.450079208916577,1.1881345640425205,38.406330902966786,240.94215503472938,229.2582767890011,238.51312909807478,237.21486118861608,148862.0,0.5918215310546162
2024-12-04 18:30:00,240.39999389648438,79.42943328692635,1.438127552910629,1.2381331618161422,39.2224145508913,241.21251511187788,229.20541658106296,238.84384264264787,237.35878971644811,169462.0,0.5988333633090857
2024-12-04 19:00:00,240.85000610351562,81.37829962121904,1.4482732115533565,1.2801611717635852,40.151693976927824,241.502799381618,229.1329896721627,239.1888427734375,237.52700424194336,255123.0,0.5960593772579903
2024-12-04 19:30:00,240.88999938964844,81.54563294224297,1.442907898995685,1.312710517210005,41.15123725721835,241.7762388213517,229.1620502760255,239.5388423374721,237.6991468157087,317791.0,0.5720547436564151
2024-12-04 20:00:00,240.94000244140625,81.76624704236382,1.4262497591093108,1.3354183655898662,42.07938458891669,242.0053107779828,229.2822639900836,239.86705671037947,237.8852184840611,234683.0,0.5490508333952426
2024-12-04 20:30:00,241.1699981689453,82.78562073142766,1.4152921889267134,1.3513931302572357,43.126943921552765,242.21105575875652,229.45437621756184,240.19991411481584,238.06878989083427,775783.0,0.5366186310098682
2024-12-05 14:30:00,239.97999572753906,63.12243558449164,1.2956495424443233,1.3402444126946533,41.62000614992545,242.29794408350392,229.71391635525168,240.42919921875,238.20271846226282,508546.0,0.5925738763255696
2024-12-05 15:00:00,240.14520263671875,64.38708885725605,1.2003260880414928,1.3122607477640211,40.22070679055723,242.36166361633818,230.0114541030396,240.4845711844308,238.352904183524,160288.0,0.5823908999474039
2024-12-05 15:30:00,240.07000732421875,63.32266241586873,1.10596505367414,1.271001608946045,38.58536427234052,242.40195796622356,230.3265173319768,240.48822893415178,238.50076184953963,195875.0,0.5800774822195759
2024-12-05 16:00:00,240.3699951171875,65.7549355887208,1.043362528139653,1.2254737927847665,37.38570449368717,242.44975848771995,230.6366095281143,240.4946572440011,238.67361886160714,142642.0,0.5765004320108116
2024-12-05 16:30:00,240.6199951171875,67.67858540907133,1.0023678140811683,1.1808525970440469,36.443507502234425,242.50802080979844,230.9333472932289,240.5132282802037,238.84647587367468,99631.0,0.5560367257901733
2024-12-05 17:00:00,240.82000732421875,69.17066949801938,0.9747818430682571,1.139638446248889,36.0701852509809,242.58551090038736,231.19871456347983,240.54180036272322,239.01800101143974,87413.0,0.5502488241991341
2024-12-05 17:30:00,240.74000549316406,67.82201186078177,0.9356783653749119,1.0988464300740937,35.72352887481691,242.63170090558188,231.49466748082298,240.55108642578125,239.20264380318778,149410.0,0.5271523505677227
2024-12-05 18:00:00,239.91000366210938,55.690276737768905,0.8281677639598399,1.044710696851243,33.52883849698623,242.61685461069519,231.81487102755815,240.51180049351282,239.35889380318778,180709.0,0.561283584385988
2024-12-05 18:30:00,239.80999755859375,54.42699918058692,0.7265203071409303,0.9810726189091805,31.379959076080908,242.56770280773264,232.16902259073976,240.47965785435267,239.49639347621374,104999.0,0.5554783988104264
2024-12-05 19:00:00,239.80999755859375,54.42699918058692,0.6386025525718253,0.9125786056417096,29.243727503626747,242.51191841894632,232.5194498366689,240.43751525878906,239.64067895071847,105439.0,0.5498949546571147
2024-12-05 19:30:00,239.85499572753906,54.96015480627856,0.5660331964854493,0.8432695238104575,27.260083900633603,242.54129254295185,232.71882566906686,240.36644308907645,239.77764293125696,97611.0,0.5284738864673209
2024-12-05 20:00:00,239.63999938964844,51.83961964693798,0.4855756375947351,0.7717307465673131,25.420210797527947,242.5569317420223,232.91711523760938,240.27715737479073,239.90799985613143,122429.0,0.5214395142754586
2024-12-05 20:30:00,239.91000366210938,55.27412528031594,0.43854426546818104,0.7050934503474867,23.757218197343867,242.58004230475782,233.11257647401587,240.2035860334124,240.03532137189592,586290.0,0.5106645639672786
2024-12-06 14:30:00,241.39999389648438,68.58720158570358,0.5155582887326489,0.6671864180245192,24.627786495999228,242.6884104670749,233.26849380800184,240.22001429966517,240.20996420724052,380533.0,0.602760170238031
2024-12-06 15:00:00,241.63999938964844,70.12955437481708,0.5891673401611115,0.6515826024518376,25.60699975865997,242.8050535721264,233.41935089913474,240.33858598981584,240.38389260428292,384430.0,0.6014920662115422
2024-12-06 15:30:00,241.52999877929688,68.47020692335732,0.6313491142133785,0.6475359048041459,26.45819806366919,242.8834702797075,233.6159340825623,240.4375,240.4610355922154,196820.0,0.5949565262561419
2024-12-06 16:00:00,241.14999389648438,62.93062412674939,0.6268888711614125,0.6434064980755992,25.878656362003426,242.92594105285366,233.83096300424035,240.51464189801897,240.50143541608537,241426.0,0.6210304497434265
2024-12-06 16:30:00,240.92999267578125,59.90868440679977,0.5987003910941553,0.6344652766793104,25.340510496170932,243.00052984864635,233.9553384636444,240.5546417236328,240.52464948381697,160120.0,0.6163134658889853
2024-12-06 17:00:00,241.25999450683594,62.79473600254308,0.5961175355005821,0.6267957284435648,24.956389643192438,243.0942332049255,234.06199227202063,240.60035596575057,240.55679212297713,327766.0,0.6072903779237006
2024-12-06 17:30:00,240.80999755859375,56.79112984483547,0.5514033760104553,0.6117172579569429,24.420653375323166,243.14995059293608,234.19527460499222,240.59964098249162,240.57072067260742,149694.0,0.60248344279578
2024-12-06 18:00:00,241.24000549316406,60.66154733054574,0.5443897429738627,0.5982517549603269,24.084501760706793,243.23700947801117,234.29285851166517,240.63535526820593,240.59322084699357,279287.0,0.6037353665944074
2024-12-06 18:30:00,241.22000122070312,60.39053766883832,0.531095077202167,0.584820419408695,23.77236097570588,243.32448490397218,234.37538288951976,240.7289265223912,240.62036350795202,120133.0,0.5798974312991596
2024-12-06 19:00:00,240.85000610351562,55.45567364608325,0.4851113829649023,0.5648786121199365,22.807741101253747,243.38665638001905,234.4696401592876,240.80321284702845,240.64143535069056,143072.0,0.576333241870425
2024-12-06 19:30:00,240.9199981689453,56.185073846675934,0.4491393498735192,0.5417307596706531,21.91202264640534,243.44424213244636,234.57455451585164,240.88249860491072,240.6600069318499,122412.0,0.560880911047649
2024-12-06 20:00:00,240.92999267578125,56.29512651922315,0.41663501851104456,0.5167116114387313,21.080284081188964,243.48969762056066,234.7001702165278,240.95928410121374,240.6628635951451,146037.0,0.5343895917875492
2024-12-06 20:30:00,240.8300018310547,54.81180211503894,0.37844420696953307,0.4890581305448917,19.899102525977234,243.52118900962355,234.8386786312805,241.0442842755999,240.6607208251953,478118.0,0.5188117236939073
2024-12-09 14:30:00,240.42999267578125,49.22405079137007,0.31230031423609717,0.45370656728313286,20.434128333022795,243.51589599510535,235.01182867966443,241.081426348005,240.6425061907087,644935.0,0.57818275082403
2024-12-09 15:00:00,239.9600067138672,43.600001352241335,0.2194274404690475,0.4068507419203158,20.930938010993675,243.49909982002603,235.16898228097844,240.97857012067522,240.5992922101702,372407.0,0.5918842880838091
2024-12-09 15:30:00,239.61000061035156,39.94020064392363,0.11624248050821961,0.34872908963789656,21.898125471699977,243.47488365372578,235.31391290737912,240.8335702078683,240.58607809884208,1422238.0,0.6021068825315058
2024-12-09 16:00:00,239.63999938964844,40.40195984821306,0.036467927542503276,0.28627685721881796,23.616619271409466,243.43348630032963,235.4874530089268,240.69857025146484,240.56803512573242,213578.0,0.6361277950794786
2024-12-09 16:30:00,239.6154022216797,40.129525466416354,-0.028411259006901446,0.22333923397367408,25.212363513996845,243.38360431627999,235.6689567624728,240.58895656040735,240.55179922921317,129174.0,0.6171194080006989
2024-12-09 17:00:00,239.41000366210938,37.8352126445166,-0.0953038257677008,0.1596106220253991,26.829260576587966,243.29961506427,235.89151761744037,240.48038591657365,240.51751382010323,138985.0,0.6030393194967427
2024-12-09 17:30:00,239.4600067138672,38.75323980232457,-0.14263760100109835,0.0991609774200996,28.062033961344895,243.21994894025823,236.1026125962582,240.35181535993303,240.4760856628418,95038.0,0.5949654747586942
2024-12-09 18:00:00,239.69000244140625,42.92809473127573,-0.1597497303859825,0.04737883585888319,29.144462971780428,243.14717223171345,236.3065571253248,240.27181570870536,240.4357283455985,69142.0,0.5884677838998144
2024-12-09 18:30:00,239.6217041015625,42.01227596197484,-0.17678446022907224,0.0025461766412921,29.582889757662727,243.03095080433647,236.56748200903544,240.1562227521624,240.39578901018416,119991.0,0.5735764867657875
2024-12-09 19:00:00,239.22000122070312,37.011026282187274,-0.22016079507235986,-0.04199521770143829,30.589997291239644,242.89023533533512,236.83980453370086,240.01336560930525,240.37114606584822,107929.0,0.5663003237880974
2024-12-09 19:30:00,239.0800018310547,35.428116124887325,-0.2628041905475129,-0.08615701227065323,32.05653312996171,242.76578362095108,237.0756846451273,239.8869367327009,240.34507478986467,145143.0,0.5701356661737691
2024-12-09 20:00:00,238.7949981689453,32.3910186819669,-0.31595467354620155,-0.13211654452576288,33.41831640877505,242.60962260134946,237.33988116103197,239.73515101841517,240.30882481166296,205937.0,0.5544110360703972
2024-12-09 20:30:00,239.2899932861328,41.73354667658465,-0.31450937682026847,-0.168595110984664,33.98813792324407,242.4508402321562,237.61544885214207,239.61800820486886,240.2886461530413,657348.0,0.5555239667389179
2024-12-10 14:30:00,238.60000610351562,34.563766100347095,-0.364834581966619,-0.20784300518105503,35.201276338148865,242.27420577718175,237.88529761462905,239.45872279575892,240.2515035356794,768214.0,0.597272211232455
2024-12-10 15:00:00,238.50999450683594,33.749200280923546,-0.4072859147142367,-0.24773158708769139,36.327762009131895,242.11574763307232,238.121076947529,239.32158006940568,240.20150320870536,287096.0,0.5946097360439762
2024-12-10 15:30:00,237.91000366210938,28.865826538087035,-0.4837665885007709,-0.2949385873703073,37.92412694447281,241.98872055643463,238.29810435114072,239.17515127999442,240.07686070033483,1359278.0,0.6192806435698528
2024-12-10 16:00:00,237.24000549316406,24.58741107395747,-0.5916214821411359,-0.35427516632447303,39.863298766112266,241.93902608953394,238.36458457592366,239.00586591448103,239.91971806117468,244216.0,0.632903280357274
2024-12-10 16:30:00,237.0800018310547,23.684581727108124,-0.6821448791827152,-0.4198491088961215,41.915127756874305,242.06483388932403,238.15699130162884,238.82300894601005,239.76078959873743,295385.0,0.6265022735153482
2024-12-10 17:00:00,237.02000427246094,23.33851925749677,-0.7500801678161508,-0.48589532068012736,43.93333193728075,242.17588579810973,237.93883958728367,238.6376233782087,239.61328996930803,165904.0,0.625322493375859
2024-12-10 17:30:00,236.75999450683594,21.84863074112809,-0.8154994189285105,-0.5518161403298041,45.214479590793495,242.28479202018949,237.70421892690175,238.4483370099749,239.4643614632743,263399.0,0.6285136130593915
2024-12-10 18:00:00,236.8300018310547,23.268963299858157,-0.8518757474244012,-0.6118280617487235,46.51459599990002,242.36771037453622,237.49522918758015,238.26047951834542,239.30614743913924,249078.0,0.6057624663118456
2024-12-10 18:30:00,236.42999267578125,20.92849585928522,-0.9025772964110672,-0.6699779086811923,47.2760050628044,242.4628440296821,237.2575953362498,238.02762167794364,239.1497186933245,476808.0,0.6053502076271825
2024-12-10 19:00:00,236.3800048828125,20.648982265005685,-0.9360025812795243,-0.7231828432008587,48.11928409196876,242.53710320236038,237.032264887588,237.7960717337472,238.9761472429548,249372.0,0.5849674831845043
2024-12-10 19:30:00,236.0399932861328,18.80887866977136,-0.9786472186605408,-0.7742757182927952,49.07316373191633,242.62464860061374,236.78686186691556,237.56892830984933,238.79114695957728,210030.0,0.5724689774799192
2024-12-10 20:00:00,235.42999267578125,16.04616378992425,-1.0495666018370855,-0.8293338950016533,50.376364156650396,242.74586222394115,236.49314817819337,237.30821337018693,238.59757505144393,777365.0,0.5776489800650589
2024-12-10 20:30:00,236.0,26.85746614283599,-1.0476986784413498,-0.8730068516895927,51.69969921185823,242.803091988943,236.27877577403135,237.1085706438337,238.42186083112443,944380.0,0.5935314137573985
2024-12-11 14:30:00,238.5500030517578,54.8618559060904,-0.8308765727524019,-0.8645807959021546,48.266075681366225,242.75296274977916,236.24676204706094,237.0557141985212,238.33686120169503,478268.0,0.7518504241028522
2024-12-11 15:00:00,238.25999450683594,52.40443832981547,-0.6746676095111752,-0.8265981586239588,45.07771097448079,242.70029854139713,236.20549750962826,237.03142765590124,238.24507522583008,233532.0,0.7395755245994119
2024-12-11 15:30:00,238.22999572753906,52.144247288216434,-0.5469862148984532,-0.7706757698788578,41.88825001150613,242.64257553590141,236.16643456105732,237.01142774309432,238.16650390625,170866.0,0.7438917765392977
2024-12-11 16:00:00,239.4600067138672,60.74943377170469,-0.3425969385586143,-0.6850600036148091,39.81331462167656,242.57692911888446,236.1710098546786,237.1221422467913,238.14864676339286,331290.0,0.7800423639293479
2024-12-11 16:30:00,239.27000427246094,58.985010922440836,-0.1937155414409233,-0.5867911111800319,37.8865889025491,242.5601730719831,236.1624090638986,237.26714215959822,238.13650403703963,99541.0,0.7464688248903096
